,TotalWealth,GeneralizedTrustingAgents,GeneralizedMistrustingAgents,AvgPersonalizedTrust,AvgGeneralizedTrust
0,331.74665446521294,20,30,-0.24502735691125946,-0.08881247750176127
1,356.7466544652129,20,30,-0.3325784671926881,-0.08881247750176127
2,381.7466544652128,20,30,-0.6863612156187682,-0.0888124775017613
3,406.7466544652128,20,30,-0.06169542146875138,-0.08313805468626251
4,431.7466544652129,20,30,-0.31164771630559707,-0.10438458253516536
5,456.74665446521294,20,30,-0.4623960505262512,-0.13160181291792264
6,481.746654465213,20,30,-0.31144672456819655,-0.13130793376681169
7,506.74665446521294,20,30,0.0033244778761898,-0.12985951678681645
8,531.7466544652127,20,30,-0.3057475294648682,-0.16413531606635956
