,TotalWealth,GeneralizedTrustingAgents,GeneralizedMistrustingAgents,AvgPersonalizedTrust,AvgGeneralizedTrust,NumberOfNodes,Increase,Decrease,Threshold
0,-259.7612930478798,46,54,-0.04560715677424243,0.0026534587582131286,100,2.924421869129515,2.0201128215288806,0.3984767805340237
1,-450.0748877242499,46,54,0.07279129720233624,0.002653458758213132,100,2.924421869129515,2.0201128215288806,0.3984767805340237
2,-646.237326138879,46,54,0.02345300878109231,0.0026534587582131373,100,2.924421869129515,2.0201128215288806,0.3984767805340237
3,-848.2486082917673,46,54,0.09300881043524839,0.0026534587582131243,100,2.924421869129515,2.0201128215288806,0.3984767805340237
4,-1050.2598904446547,46,54,-0.01936083601172396,0.0026534587582131186,100,2.924421869129515,2.0201128215288806,0.3984767805340237
5,-1252.271172597543,46,54,0.014622254653490919,0.0026534587582131342,100,2.924421869129515,2.0201128215288806,0.3984767805340237
