,TotalWealth,GeneralizedTrustingAgents,GeneralizedMistrustingAgents,AvgPersonalizedTrust,AvgGeneralizedTrust,NumberOfNodes,Increase,Decrease,Threshold
0,-85.78616771471567,51,49,0.4756498296229148,-0.030313922280627854,100,5.474535131300851,2.0506589310663506,0.16554624051137717
1,-153.98868253882947,51,49,2.22190856374991,-0.03031392228062786,100,5.474535131300851,2.0506589310663506,0.16554624051137717
2,-233.14026762554505,51,49,0.22469002809984784,-0.03031392228062786,100,5.474535131300851,2.0506589310663506,0.16554624051137717
3,-383.46080941917154,51,49,-0.9119606665899191,-0.0443706521143852,100,5.474535131300851,2.0506589310663506,0.16554624051137717
4,-539.2558863440989,51,49,0.31332839165380094,-0.04672929999850504,100,5.474535131300851,2.0506589310663506,0.16554624051137717
