,TotalWealth,GeneralizedTrustingAgents,GeneralizedMistrustingAgents,AvgPersonalizedTrust,AvgGeneralizedTrust
0,315.65174440054943,28,22,0.008168033359043125,0.02625332318310628
1,340.65174440054943,28,22,-0.20680043245054278,0.02625332318310629
2,365.65174440054943,28,22,0.2921127443730044,0.02625332318310625
3,390.6517444005494,28,22,0.0702220666830722,0.03369665924555783
4,415.65174440054943,28,22,-0.07838171244499871,0.04616145992402406
