,TotalWealth,GeneralizedTrustingAgents,GeneralizedMistrustingAgents,AvgPersonalizedTrust,AvgGeneralizedTrust,NumberOfNodes,Increase,Decrease,Threshold
0,119.21398081205236,59,41,0.16863496223488741,0.08284660920561122,100,6.614970672957174,1.6578280102528231,0.4538166042236498
1,151.8802999754852,59,41,1.5456750859857291,0.08284660920561122,100,6.614970672957174,1.6578280102528231,0.4538166042236498
2,177.9316484659609,59,41,0.40674447718719337,0.08284660920561121,100,6.614970672957174,1.6578280102528231,0.4538166042236498
3,210.5979676293939,59,41,0.11175244354033706,0.08284660920561121,100,6.614970672957174,1.6578280102528231,0.4538166042236498
4,302.79902284944137,59,41,0.6880977081616856,0.08284660920561122,100,6.614970672957174,1.6578280102528231,0.4538166042236498
5,342.0803126858316,59,41,0.6233683443915223,0.08284660920561125,100,6.614970672957174,1.6578280102528231,0.4538166042236498
6,407.8214852140502,59,41,0.6542284177720175,0.0913308894504077,100,6.614970672957174,1.6578280102528231,0.4538166042236498
7,480.17762841522614,59,41,-0.5526458548564046,0.08662280971015876,100,6.614970672957174,1.6578280102528231,0.4538166042236498
